"Id","Path","Slice Name","Alias(s)","Label","Min","Max","Must Support?","Is Modifier?","Is Summary?","Type(s)","Short","Definition","Comments","Requirements","Default Value","Meaning When Missing","Fixed Value","Pattern","Example","Minimum Value","Maximum Value","Maximum Length","Binding Strength","Binding Description","Binding Value Set","Code","Slicing Discriminator","Slicing Description","Slicing Ordered","Slicing Rules","Base Path","Base Min","Base Max","Condition(s)","Constraint(s)","Mapping: IDMP Mapping","Mapping: FiveWs Pattern Mapping","Mapping: RIM Mapping"
"ClinicalUseDefinition","ClinicalUseDefinition","","","",0,*,"","","","","A single issue - either an indication, contraindication, interaction or an undesirable effect for a medicinal product, medication, device or procedure","A single issue - either an indication, contraindication, interaction or an undesirable effect for a medicinal product, medication, device or procedure.","","","","","","","","","",,,,,"",,,,"ClinicalUseDefinition",0,*,"","cud-1:Indication, Contraindication, Interaction, UndesirableEffect and Warning cannot be used in the same instance {(ClinicalUseDefinition.indication.count() + ClinicalUseDefinition.contraIndication.count() + ClinicalUseDefinition.interaction.count() + ClinicalUseDefinition.undesirableEffect.count() + ClinicalUseDefinition.warning.count())  < 2}
dom-2:If the resource is contained in another resource, it SHALL NOT contain nested Resources {contained.contained.empty()}dom-3:If the resource is contained in another resource, it SHALL be referred to from elsewhere in the resource or SHALL refer to the containing resource {contained.where((('#'+id in (%resource.descendants().reference | %resource.descendants().as(canonical) | %resource.descendants().as(uri) | %resource.descendants().as(url))) or descendants().where(reference = '#').exists() or descendants().where(as(canonical) = '#').exists() or descendants().where(as(canonical) = '#').exists()).not()).trace('unmatched', id).empty()}dom-4:If a resource is contained in another resource, it SHALL NOT have a meta.versionId or a meta.lastUpdated {contained.meta.versionId.empty() and contained.meta.lastUpdated.empty()}dom-5:If a resource is contained in another resource, it SHALL NOT have a security label {contained.meta.security.empty()}dom-6:A resource should have narrative for robust management {text.`div`.exists()}","Contraindication, Therapeutic Indication, Interactions, Undesirable Effects","clinical.general","Entity. Role, or Act"
"ClinicalUseDefinition.id","ClinicalUseDefinition.id","","","",0,1,"","","Y","id {[]} {[]}
","Logical id of this artifact","The logical id of the resource, as used in the URL for the resource. Once assigned, this value never changes.","Typically, the resource has an id except for cases like the create operation, conditional updates.","","","","","","","","",,,,,"",,,,"Resource.id",0,1,"",""
"ClinicalUseDefinition.meta","ClinicalUseDefinition.meta","","","",0,1,"","","Y","Meta {[]} {[]}
","Metadata about the resource","The metadata about the resource. This is content that is maintained by the infrastructure. Changes to the content might not always be associated with version changes to the resource.","","","","","","","","","",,,,,"",,,,"Resource.meta",0,1,"","ele-1:All FHIR elements must have a @value or children {hasValue() or (children().count() > id.count())}
"
"ClinicalUseDefinition.implicitRules","ClinicalUseDefinition.implicitRules","","","",0,1,"","Y","Y","uri {[]} {[]}
","A set of rules under which this content was created","A reference to a set of rules that were followed when the resource was constructed, and which must be understood when processing the content. Often, this is a reference to an implementation guide that defines the special rules along with other profiles etc.","Asserting this rule set restricts the content to be only understood by a limited set of trading partners. This inherently limits the usefulness of the data in the long term. However, the existing health eco-system is highly fractured, and not yet ready to define, collect, and exchange data in a generally computable sense. Wherever possible, implementers and/or specification writers should avoid using this element. Often, when used, the URL is a reference to an implementation guide that defines these special rules as part of it's narrative along with other profiles, value sets, etc.","","","","","","","","",,,,,"",,,,"Resource.implicitRules",0,1,"","ele-1:All FHIR elements must have a @value or children {hasValue() or (children().count() > id.count())}
"
"ClinicalUseDefinition.language","ClinicalUseDefinition.language","","","",0,1,"","","","code {[]} {[]}
","Language of the resource content","The base language in which the resource is written.","Language is provided to support indexing and accessibility (typically, services such as text to speech use the language tag). The html language tag in the narrative applies  to the narrative. The language tag on the resource may be used to specify the language of other presentations generated from the data in the resource. Not all the content has to be in the base language. The Resource.language should not be assumed to apply to the narrative automatically. If a language is specified, it should it also be specified on the div element in the html (see rules in HTML5 for information about the relationship between xml:lang and the html lang attribute).","","","","","","","","",,"preferred","IETF language tag","http://hl7.org/fhir/ValueSet/languages","",,,,"Resource.language",0,1,"","ele-1:All FHIR elements must have a @value or children {hasValue() or (children().count() > id.count())}
"
"ClinicalUseDefinition.text","ClinicalUseDefinition.text","","narrative
htmlxhtmldisplay","",0,1,"","","","Narrative {[]} {[]}
","Text summary of the resource, for human interpretation","A human-readable narrative that contains a summary of the resource and can be used to represent the content of the resource to a human. The narrative need not encode all the structured data, but is required to contain sufficient detail to make it ""clinically safe"" for a human to just read the narrative. Resource definitions may define what content should be represented in the narrative to ensure clinical safety.","Contained resources do not have a narrative. Resources that are not contained SHOULD have a narrative. In some cases, a resource may only have text with little or no additional discrete data (as long as all minOccurs=1 elements are satisfied).  This may be necessary for data from legacy systems where information is captured as a ""text blob"" or where text is additionally entered raw or narrated and encoded information is added later.","","","","","","","","",,,,,"",,,,"DomainResource.text",0,1,"","ele-1:All FHIR elements must have a @value or children {hasValue() or (children().count() > id.count())}
","Act.text?"
"ClinicalUseDefinition.contained","ClinicalUseDefinition.contained","","inline resources
anonymous resourcescontained resources","",0,*,"","","","Resource {[]} {[]}
","Contained, inline Resources","These resources do not have an independent existence apart from the resource that contains them - they cannot be identified independently, nor can they have their own independent transaction scope.","This should never be done when the content can be identified properly, as once identification is lost, it is extremely difficult (and context dependent) to restore it again. Contained resources may have profiles and tags In their meta elements, but SHALL NOT have security labels.","","","","","","","","",,,,,"",,,,"DomainResource.contained",0,*,"","","N/A"
"ClinicalUseDefinition.extension","ClinicalUseDefinition.extension","","extensions
user content","",0,*,"","","","Extension {[]} {[]}
","Additional content defined by implementations","May be used to represent additional information that is not part of the basic definition of the resource. To make the use of extensions safe and manageable, there is a strict set of governance  applied to the definition and use of extensions. Though any implementer can define an extension, there is a set of requirements that SHALL be met as part of the definition of the extension.","There can be no stigma associated with the use of extensions by any application, project, or standard - regardless of the institution or jurisdiction that uses or defines the extensions.  The use of extensions is what allows the FHIR specification to retain a core level of simplicity for everyone.","","","","","","","","",,,,,"",,,,"DomainResource.extension",0,*,"","ele-1:All FHIR elements must have a @value or children {hasValue() or (children().count() > id.count())}
ext-1:Must have either extensions or value[x], not both {extension.exists() != value.exists()}","N/A"
"ClinicalUseDefinition.modifierExtension","ClinicalUseDefinition.modifierExtension","","extensions
user content","",0,*,"","Y","","Extension {[]} {[]}
","Extensions that cannot be ignored","May be used to represent additional information that is not part of the basic definition of the resource and that modifies the understanding of the element that contains it and/or the understanding of the containing element's descendants. Usually modifier elements provide negation or qualification. To make the use of extensions safe and manageable, there is a strict set of governance applied to the definition and use of extensions. Though any implementer is allowed to define an extension, there is a set of requirements that SHALL be met as part of the definition of the extension. Applications processing a resource are required to check for modifier extensions.

Modifier extensions SHALL NOT change the meaning of any elements on Resource or DomainResource (including cannot change the meaning of modifierExtension itself).","There can be no stigma associated with the use of extensions by any application, project, or standard - regardless of the institution or jurisdiction that uses or defines the extensions.  The use of extensions is what allows the FHIR specification to retain a core level of simplicity for everyone.","Modifier extensions allow for extensions that *cannot* be safely ignored to be clearly distinguished from the vast majority of extensions which can be safely ignored.  This promotes interoperability by eliminating the need for implementers to prohibit the presence of extensions. For further information, see the [definition of modifier extensions](http://build.fhir.org/extensibility.html#modifierExtension).","","","","","","","",,,,,"",,,,"DomainResource.modifierExtension",0,*,"","ele-1:All FHIR elements must have a @value or children {hasValue() or (children().count() > id.count())}
ext-1:Must have either extensions or value[x], not both {extension.exists() != value.exists()}","N/A"
"ClinicalUseDefinition.identifier","ClinicalUseDefinition.identifier","","","",0,*,"","","Y","Identifier {[]} {[]}
","Business identifier for this issue.","Business identifier for this issue.","","","","","","","","","",,,,,"",,,,"ClinicalUseDefinition.identifier",0,*,"","ele-1:All FHIR elements must have a @value or children {hasValue() or (children().count() > id.count())}
","n/a"
"ClinicalUseDefinition.type","ClinicalUseDefinition.type","","","",1,1,"","","Y","code {[]} {[]}
","indication | contraindication | interaction | undesirable-effect | warning","indication | contraindication | interaction | undesirable-effect | warning.","","","","","","<valueCode xmlns=""http://hl7.org/fhir"" value=""undesirableEffect""/>","","","",,"required","Overall defining type of this clinical use issue.","http://hl7.org/fhir/ValueSet/clinical-use-issue-type|5.0.0-snapshot1","",,,,"ClinicalUseDefinition.type",1,1,"","ele-1:All FHIR elements must have a @value or children {hasValue() or (children().count() > id.count())}
","(the type of IDMP class, out of Contraindication, Therapeutic Indication, Interactions, Undesirable Effects)"
"ClinicalUseDefinition.category","ClinicalUseDefinition.category","","","",0,*,"","","Y","CodeableConcept {[]} {[]}
","A categorisation of the issue, primarily for dividing warnings into subject heading areas such as ""Pregnancy and Lactation"", ""Overdose"", ""Effects on Ability to Drive and Use Machines""","A categorisation of the issue, primarily for dividing warnings into subject heading areas such as ""Pregnancy and Lactation"", ""Overdose"", ""Effects on Ability to Drive and Use Machines"".","","","","","","","","","",,,,,"",,,,"ClinicalUseDefinition.category",0,*,"","ele-1:All FHIR elements must have a @value or children {hasValue() or (children().count() > id.count())}
","n/a"
"ClinicalUseDefinition.subject","ClinicalUseDefinition.subject","","","",1,*,"","","Y","Reference {[]} {[CanonicalType[http://hl7.org/fhir/uv/vulcan-epi/StructureDefinition/MedicinalProductDefinition-uv-epi]]}
","The medication or procedure for which this is an indication","The medication or procedure for which this is an indication.","","","","","","","","","",,,,,"",,,,"ClinicalUseDefinition.subject",0,*,"","ele-1:All FHIR elements must have a @value or children {hasValue() or (children().count() > id.count())}
","(the link between the IDMP class and Medicinal Product)"
"ClinicalUseDefinition.status","ClinicalUseDefinition.status","","","",0,1,"","","Y","CodeableConcept {[]} {[]}
","Whether this is a current issue or one that has been retired","Whether this is a current issue or one that has been retired etc.","","","","","","","","","",,,,,"",,,,"ClinicalUseDefinition.status",0,1,"","ele-1:All FHIR elements must have a @value or children {hasValue() or (children().count() > id.count())}
","n/a"
"ClinicalUseDefinition.contraindication","ClinicalUseDefinition.contraindication","","","",0,0,"","","Y","BackboneElement {[]} {[]}
","Specifics for when this is a contraindication","Specifics for when this is a contraindication.","","","","","","","","","",,,,,"",,,,"ClinicalUseDefinition.contraindication",0,1,"","ele-1:All FHIR elements must have a @value or children {hasValue() or (children().count() > id.count())}
","Contraindication"
"ClinicalUseDefinition.contraindication.id","ClinicalUseDefinition.contraindication.id","","","",0,1,"","","","id {[]} {[]}
","Unique id for inter-element referencing","Unique id for the element within a resource (for internal references). This may be any string value that does not contain spaces.","","","","","","","","","",,,,,"",,,,"Element.id",0,1,"","","n/a"
"ClinicalUseDefinition.contraindication.extension","ClinicalUseDefinition.contraindication.extension","","extensions
user content","",0,*,"","","","Extension {[]} {[]}
","Additional content defined by implementations","May be used to represent additional information that is not part of the basic definition of the element. To make the use of extensions safe and manageable, there is a strict set of governance  applied to the definition and use of extensions. Though any implementer can define an extension, there is a set of requirements that SHALL be met as part of the definition of the extension.","There can be no stigma associated with the use of extensions by any application, project, or standard - regardless of the institution or jurisdiction that uses or defines the extensions.  The use of extensions is what allows the FHIR specification to retain a core level of simplicity for everyone.","","","","","","","","",,,,,"",,,,"Element.extension",0,*,"","ele-1:All FHIR elements must have a @value or children {hasValue() or (children().count() > id.count())}
ext-1:Must have either extensions or value[x], not both {extension.exists() != value.exists()}","n/a"
"ClinicalUseDefinition.contraindication.modifierExtension","ClinicalUseDefinition.contraindication.modifierExtension","","extensions
user contentmodifiers","",0,*,"","Y","Y","Extension {[]} {[]}
","Extensions that cannot be ignored even if unrecognized","May be used to represent additional information that is not part of the basic definition of the element and that modifies the understanding of the element in which it is contained and/or the understanding of the containing element's descendants. Usually modifier elements provide negation or qualification. To make the use of extensions safe and manageable, there is a strict set of governance applied to the definition and use of extensions. Though any implementer can define an extension, there is a set of requirements that SHALL be met as part of the definition of the extension. Applications processing a resource are required to check for modifier extensions.

Modifier extensions SHALL NOT change the meaning of any elements on Resource or DomainResource (including cannot change the meaning of modifierExtension itself).","There can be no stigma associated with the use of extensions by any application, project, or standard - regardless of the institution or jurisdiction that uses or defines the extensions.  The use of extensions is what allows the FHIR specification to retain a core level of simplicity for everyone.","Modifier extensions allow for extensions that *cannot* be safely ignored to be clearly distinguished from the vast majority of extensions which can be safely ignored.  This promotes interoperability by eliminating the need for implementers to prohibit the presence of extensions. For further information, see the [definition of modifier extensions](http://build.fhir.org/extensibility.html#modifierExtension).","","","","","","","",,,,,"",,,,"BackboneElement.modifierExtension",0,*,"","ele-1:All FHIR elements must have a @value or children {hasValue() or (children().count() > id.count())}
ext-1:Must have either extensions or value[x], not both {extension.exists() != value.exists()}","N/A"
"ClinicalUseDefinition.contraindication.diseaseSymptomProcedure","ClinicalUseDefinition.contraindication.diseaseSymptomProcedure","","","",0,1,"","","Y","CodeableReference {[]} {[CanonicalType[http://hl7.org/fhir/StructureDefinition/ObservationDefinition]]}
","The situation that is being documented as contraindicating against this item","The situation that is being documented as contraindicating against this item.","","","","","","","","","",,,,,"",,,,"ClinicalUseDefinition.contraindication.diseaseSymptomProcedure",0,1,"","ele-1:All FHIR elements must have a @value or children {hasValue() or (children().count() > id.count())}
","Contraindication.Contraindications as ""Disease / Symptom / Procedure"" and Contraindication.Contraindications Text"
"ClinicalUseDefinition.contraindication.diseaseStatus","ClinicalUseDefinition.contraindication.diseaseStatus","","","",0,1,"","","Y","CodeableReference {[]} {[CanonicalType[http://hl7.org/fhir/StructureDefinition/ObservationDefinition]]}
","The status of the disease or symptom for the contraindication","The status of the disease or symptom for the contraindication.","","","","","","","","","",,,,,"",,,,"ClinicalUseDefinition.contraindication.diseaseStatus",0,1,"","ele-1:All FHIR elements must have a @value or children {hasValue() or (children().count() > id.count())}
","Contraindication.Disease Status"
"ClinicalUseDefinition.contraindication.comorbidity","ClinicalUseDefinition.contraindication.comorbidity","","","",0,*,"","","Y","CodeableReference {[]} {[CanonicalType[http://hl7.org/fhir/StructureDefinition/ObservationDefinition]]}
","A comorbidity (concurrent condition) or coinfection","A comorbidity (concurrent condition) or coinfection.","","","","","","","","","",,,,,"",,,,"ClinicalUseDefinition.contraindication.comorbidity",0,*,"","ele-1:All FHIR elements must have a @value or children {hasValue() or (children().count() > id.count())}
","Contraindication.Comorbidity"
"ClinicalUseDefinition.contraindication.indication","ClinicalUseDefinition.contraindication.indication","","","",0,*,"","","Y","Reference {[]} {[CanonicalType[http://hl7.org/fhir/StructureDefinition/ClinicalUseDefinition]]}
","The indication which this is a contraidication for","The indication which this is a contraidication for.","","","","","","","","","",,,,,"",,,,"ClinicalUseDefinition.contraindication.indication",0,*,"","ele-1:All FHIR elements must have a @value or children {hasValue() or (children().count() > id.count())}
","(the link from Contraindication to Therapeutic Indication)"
"ClinicalUseDefinition.contraindication.otherTherapy","ClinicalUseDefinition.contraindication.otherTherapy","","","",0,*,"","","Y","BackboneElement {[]} {[]}
","Information about the use of the medicinal product in relation to other therapies described as part of the contraindication","Information about the use of the medicinal product in relation to other therapies described as part of the contraindication.","","","","","","","","","",,,,,"",,,,"ClinicalUseDefinition.contraindication.otherTherapy",0,*,"","ele-1:All FHIR elements must have a @value or children {hasValue() or (children().count() > id.count())}
","Contraindication.Other Therapy Specifics"
"ClinicalUseDefinition.contraindication.otherTherapy.id","ClinicalUseDefinition.contraindication.otherTherapy.id","","","",0,1,"","","","id {[]} {[]}
","Unique id for inter-element referencing","Unique id for the element within a resource (for internal references). This may be any string value that does not contain spaces.","","","","","","","","","",,,,,"",,,,"Element.id",0,1,"","","n/a"
"ClinicalUseDefinition.contraindication.otherTherapy.extension","ClinicalUseDefinition.contraindication.otherTherapy.extension","","extensions
user content","",0,*,"","","","Extension {[]} {[]}
","Additional content defined by implementations","May be used to represent additional information that is not part of the basic definition of the element. To make the use of extensions safe and manageable, there is a strict set of governance  applied to the definition and use of extensions. Though any implementer can define an extension, there is a set of requirements that SHALL be met as part of the definition of the extension.","There can be no stigma associated with the use of extensions by any application, project, or standard - regardless of the institution or jurisdiction that uses or defines the extensions.  The use of extensions is what allows the FHIR specification to retain a core level of simplicity for everyone.","","","","","","","","",,,,,"",,,,"Element.extension",0,*,"","ele-1:All FHIR elements must have a @value or children {hasValue() or (children().count() > id.count())}
ext-1:Must have either extensions or value[x], not both {extension.exists() != value.exists()}","n/a"
"ClinicalUseDefinition.contraindication.otherTherapy.modifierExtension","ClinicalUseDefinition.contraindication.otherTherapy.modifierExtension","","extensions
user contentmodifiers","",0,*,"","Y","Y","Extension {[]} {[]}
","Extensions that cannot be ignored even if unrecognized","May be used to represent additional information that is not part of the basic definition of the element and that modifies the understanding of the element in which it is contained and/or the understanding of the containing element's descendants. Usually modifier elements provide negation or qualification. To make the use of extensions safe and manageable, there is a strict set of governance applied to the definition and use of extensions. Though any implementer can define an extension, there is a set of requirements that SHALL be met as part of the definition of the extension. Applications processing a resource are required to check for modifier extensions.

Modifier extensions SHALL NOT change the meaning of any elements on Resource or DomainResource (including cannot change the meaning of modifierExtension itself).","There can be no stigma associated with the use of extensions by any application, project, or standard - regardless of the institution or jurisdiction that uses or defines the extensions.  The use of extensions is what allows the FHIR specification to retain a core level of simplicity for everyone.","Modifier extensions allow for extensions that *cannot* be safely ignored to be clearly distinguished from the vast majority of extensions which can be safely ignored.  This promotes interoperability by eliminating the need for implementers to prohibit the presence of extensions. For further information, see the [definition of modifier extensions](http://build.fhir.org/extensibility.html#modifierExtension).","","","","","","","",,,,,"",,,,"BackboneElement.modifierExtension",0,*,"","ele-1:All FHIR elements must have a @value or children {hasValue() or (children().count() > id.count())}
ext-1:Must have either extensions or value[x], not both {extension.exists() != value.exists()}","N/A"
"ClinicalUseDefinition.contraindication.otherTherapy.relationshipType","ClinicalUseDefinition.contraindication.otherTherapy.relationshipType","","","",1,1,"","","Y","CodeableConcept {[]} {[]}
","The type of relationship between the medicinal product indication or contraindication and another therapy","The type of relationship between the medicinal product indication or contraindication and another therapy.","","","","","","","","","",,"preferred","Classification of relationship between a therapy and a contraindication or an indication.","http://hl7.org/fhir/ValueSet/therapy-relationship-type","",,,,"ClinicalUseDefinition.contraindication.otherTherapy.relationshipType",1,1,"","ele-1:All FHIR elements must have a @value or children {hasValue() or (children().count() > id.count())}
","Other Therapy Specifics.Therapy Relationship Type"
"ClinicalUseDefinition.contraindication.otherTherapy.therapy","ClinicalUseDefinition.contraindication.otherTherapy.therapy","","","",1,1,"","","Y","CodeableReference {[]} {[CanonicalType[http://hl7.org/fhir/StructureDefinition/MedicinalProductDefinition], CanonicalType[http://hl7.org/fhir/StructureDefinition/Medication], CanonicalType[http://hl7.org/fhir/StructureDefinition/Substance], CanonicalType[http://hl7.org/fhir/StructureDefinition/SubstanceDefinition], CanonicalType[http://hl7.org/fhir/StructureDefinition/ActivityDefinition]]}
","Reference to a specific medication (active substance, medicinal product or class of products) as part of an indication or contraindication","Reference to a specific medication (active substance, medicinal product or class of products) as part of an indication or contraindication.","","","","","","","","","",,,,,"",,,,"ClinicalUseDefinition.contraindication.otherTherapy.therapy",1,1,"","ele-1:All FHIR elements must have a @value or children {hasValue() or (children().count() > id.count())}
","Other Therapy Specifics.Medication"
"ClinicalUseDefinition.indication","ClinicalUseDefinition.indication","","","",0,0,"","","Y","BackboneElement {[]} {[]}
","Specifics for when this is an indication","Specifics for when this is an indication.","","","","","","","","","",,,,,"",,,,"ClinicalUseDefinition.indication",0,1,"","ele-1:All FHIR elements must have a @value or children {hasValue() or (children().count() > id.count())}
","Therapeutic Indication"
"ClinicalUseDefinition.indication.id","ClinicalUseDefinition.indication.id","","","",0,1,"","","","id {[]} {[]}
","Unique id for inter-element referencing","Unique id for the element within a resource (for internal references). This may be any string value that does not contain spaces.","","","","","","","","","",,,,,"",,,,"Element.id",0,1,"","","n/a"
"ClinicalUseDefinition.indication.extension","ClinicalUseDefinition.indication.extension","","extensions
user content","",0,*,"","","","Extension {[]} {[]}
","Additional content defined by implementations","May be used to represent additional information that is not part of the basic definition of the element. To make the use of extensions safe and manageable, there is a strict set of governance  applied to the definition and use of extensions. Though any implementer can define an extension, there is a set of requirements that SHALL be met as part of the definition of the extension.","There can be no stigma associated with the use of extensions by any application, project, or standard - regardless of the institution or jurisdiction that uses or defines the extensions.  The use of extensions is what allows the FHIR specification to retain a core level of simplicity for everyone.","","","","","","","","",,,,,"",,,,"Element.extension",0,*,"","ele-1:All FHIR elements must have a @value or children {hasValue() or (children().count() > id.count())}
ext-1:Must have either extensions or value[x], not both {extension.exists() != value.exists()}","n/a"
"ClinicalUseDefinition.indication.modifierExtension","ClinicalUseDefinition.indication.modifierExtension","","extensions
user contentmodifiers","",0,*,"","Y","Y","Extension {[]} {[]}
","Extensions that cannot be ignored even if unrecognized","May be used to represent additional information that is not part of the basic definition of the element and that modifies the understanding of the element in which it is contained and/or the understanding of the containing element's descendants. Usually modifier elements provide negation or qualification. To make the use of extensions safe and manageable, there is a strict set of governance applied to the definition and use of extensions. Though any implementer can define an extension, there is a set of requirements that SHALL be met as part of the definition of the extension. Applications processing a resource are required to check for modifier extensions.

Modifier extensions SHALL NOT change the meaning of any elements on Resource or DomainResource (including cannot change the meaning of modifierExtension itself).","There can be no stigma associated with the use of extensions by any application, project, or standard - regardless of the institution or jurisdiction that uses or defines the extensions.  The use of extensions is what allows the FHIR specification to retain a core level of simplicity for everyone.","Modifier extensions allow for extensions that *cannot* be safely ignored to be clearly distinguished from the vast majority of extensions which can be safely ignored.  This promotes interoperability by eliminating the need for implementers to prohibit the presence of extensions. For further information, see the [definition of modifier extensions](http://build.fhir.org/extensibility.html#modifierExtension).","","","","","","","",,,,,"",,,,"BackboneElement.modifierExtension",0,*,"","ele-1:All FHIR elements must have a @value or children {hasValue() or (children().count() > id.count())}
ext-1:Must have either extensions or value[x], not both {extension.exists() != value.exists()}","N/A"
"ClinicalUseDefinition.indication.diseaseSymptomProcedure","ClinicalUseDefinition.indication.diseaseSymptomProcedure","","","",0,1,"","","Y","CodeableReference {[]} {[CanonicalType[http://hl7.org/fhir/StructureDefinition/ObservationDefinition]]}
","The situation that is being documented as an indicaton for this item","The situation that is being documented as an indicaton for this item.","","","","","","","","","",,,,,"",,,,"ClinicalUseDefinition.indication.diseaseSymptomProcedure",0,1,"","ele-1:All FHIR elements must have a @value or children {hasValue() or (children().count() > id.count())}
","Therapeutic Indication.Indication as ""Disease / Symptom / Procedure"", and Therapeutic Indication.Indication Text"
"ClinicalUseDefinition.indication.diseaseStatus","ClinicalUseDefinition.indication.diseaseStatus","","","",0,1,"","","Y","CodeableReference {[]} {[CanonicalType[http://hl7.org/fhir/StructureDefinition/ObservationDefinition]]}
","The status of the disease or symptom for the indication","The status of the disease or symptom for the indication.","","","","","","","","","",,,,,"",,,,"ClinicalUseDefinition.indication.diseaseStatus",0,1,"","ele-1:All FHIR elements must have a @value or children {hasValue() or (children().count() > id.count())}
","Therapeutic Indication.Disease Status"
"ClinicalUseDefinition.indication.comorbidity","ClinicalUseDefinition.indication.comorbidity","","","",0,*,"","","Y","CodeableReference {[]} {[CanonicalType[http://hl7.org/fhir/StructureDefinition/ObservationDefinition]]}
","A comorbidity (concurrent condition) or coinfection as part of the indication","A comorbidity (concurrent condition) or coinfection as part of the indication.","","","","","","","","","",,,,,"",,,,"ClinicalUseDefinition.indication.comorbidity",0,*,"","ele-1:All FHIR elements must have a @value or children {hasValue() or (children().count() > id.count())}
","Therapeutic Indication.Comorbidity"
"ClinicalUseDefinition.indication.intendedEffect","ClinicalUseDefinition.indication.intendedEffect","","","",0,1,"","","Y","CodeableReference {[]} {[CanonicalType[http://hl7.org/fhir/StructureDefinition/ObservationDefinition]]}
","The intended effect, aim or strategy to be achieved","The intended effect, aim or strategy to be achieved.","","","","","","","","","",,,,,"",,,,"ClinicalUseDefinition.indication.intendedEffect",0,1,"","ele-1:All FHIR elements must have a @value or children {hasValue() or (children().count() > id.count())}
","Therapeutic Indication.Intended Effect"
"ClinicalUseDefinition.indication.duration","ClinicalUseDefinition.indication.duration","","","",0,1,"","","Y","Quantity {[]} {[]}
","Timing or duration information","Timing or duration information.","","","","","","","","","",,,,,"",,,,"ClinicalUseDefinition.indication.duration",0,1,"","ele-1:All FHIR elements must have a @value or children {hasValue() or (children().count() > id.count())}
","Therapeutic Indication.Timing / Duration"
"ClinicalUseDefinition.indication.undesirableEffect","ClinicalUseDefinition.indication.undesirableEffect","","","",0,*,"","","Y","Reference {[]} {[CanonicalType[http://hl7.org/fhir/StructureDefinition/ClinicalUseDefinition]]}
","The specific undesirable effects of the medicinal product","The specific undesirable effects of the medicinal product.","","","","","","","","","",,,,,"",,,,"ClinicalUseDefinition.indication.undesirableEffect",0,*,"","ele-1:All FHIR elements must have a @value or children {hasValue() or (children().count() > id.count())}
","Therapeutic Indication.Undesirable Effects"
"ClinicalUseDefinition.indication.otherTherapy","ClinicalUseDefinition.indication.otherTherapy","","","",0,*,"","","Y","","Information about the use of the medicinal product in relation to other therapies described as part of the indication","Information about the use of the medicinal product in relation to other therapies described as part of the indication.","","","","","","","","","",,,,,"",,,,"ClinicalUseDefinition.indication.otherTherapy",0,*,"","ele-1:All FHIR elements must have a @value or children {hasValue() or (children().count() > id.count())}
","Therapeutic Indication.Other Therapy Specifics"
"ClinicalUseDefinition.interaction","ClinicalUseDefinition.interaction","","","",0,0,"","","Y","BackboneElement {[]} {[]}
","Specifics for when this is an interaction","Specifics for when this is an interaction.","","","","","","","","","",,,,,"",,,,"ClinicalUseDefinition.interaction",0,1,"","ele-1:All FHIR elements must have a @value or children {hasValue() or (children().count() > id.count())}
","Interactions"
"ClinicalUseDefinition.interaction.id","ClinicalUseDefinition.interaction.id","","","",0,1,"","","","id {[]} {[]}
","Unique id for inter-element referencing","Unique id for the element within a resource (for internal references). This may be any string value that does not contain spaces.","","","","","","","","","",,,,,"",,,,"Element.id",0,1,"","","n/a"
"ClinicalUseDefinition.interaction.extension","ClinicalUseDefinition.interaction.extension","","extensions
user content","",0,*,"","","","Extension {[]} {[]}
","Additional content defined by implementations","May be used to represent additional information that is not part of the basic definition of the element. To make the use of extensions safe and manageable, there is a strict set of governance  applied to the definition and use of extensions. Though any implementer can define an extension, there is a set of requirements that SHALL be met as part of the definition of the extension.","There can be no stigma associated with the use of extensions by any application, project, or standard - regardless of the institution or jurisdiction that uses or defines the extensions.  The use of extensions is what allows the FHIR specification to retain a core level of simplicity for everyone.","","","","","","","","",,,,,"",,,,"Element.extension",0,*,"","ele-1:All FHIR elements must have a @value or children {hasValue() or (children().count() > id.count())}
ext-1:Must have either extensions or value[x], not both {extension.exists() != value.exists()}","n/a"
"ClinicalUseDefinition.interaction.modifierExtension","ClinicalUseDefinition.interaction.modifierExtension","","extensions
user contentmodifiers","",0,*,"","Y","Y","Extension {[]} {[]}
","Extensions that cannot be ignored even if unrecognized","May be used to represent additional information that is not part of the basic definition of the element and that modifies the understanding of the element in which it is contained and/or the understanding of the containing element's descendants. Usually modifier elements provide negation or qualification. To make the use of extensions safe and manageable, there is a strict set of governance applied to the definition and use of extensions. Though any implementer can define an extension, there is a set of requirements that SHALL be met as part of the definition of the extension. Applications processing a resource are required to check for modifier extensions.

Modifier extensions SHALL NOT change the meaning of any elements on Resource or DomainResource (including cannot change the meaning of modifierExtension itself).","There can be no stigma associated with the use of extensions by any application, project, or standard - regardless of the institution or jurisdiction that uses or defines the extensions.  The use of extensions is what allows the FHIR specification to retain a core level of simplicity for everyone.","Modifier extensions allow for extensions that *cannot* be safely ignored to be clearly distinguished from the vast majority of extensions which can be safely ignored.  This promotes interoperability by eliminating the need for implementers to prohibit the presence of extensions. For further information, see the [definition of modifier extensions](http://build.fhir.org/extensibility.html#modifierExtension).","","","","","","","",,,,,"",,,,"BackboneElement.modifierExtension",0,*,"","ele-1:All FHIR elements must have a @value or children {hasValue() or (children().count() > id.count())}
ext-1:Must have either extensions or value[x], not both {extension.exists() != value.exists()}","N/A"
"ClinicalUseDefinition.interaction.interactant","ClinicalUseDefinition.interaction.interactant","","","",0,*,"","","Y","BackboneElement {[]} {[]}
","The specific medication, food, substance or laboratory test that interacts","The specific medication, food, substance or laboratory test that interacts.","","","","","","","","","",,,,,"",,,,"ClinicalUseDefinition.interaction.interactant",0,*,"","ele-1:All FHIR elements must have a @value or children {hasValue() or (children().count() > id.count())}
","Interactions.Interactant and Interactions.Interactions Text"
"ClinicalUseDefinition.interaction.interactant.id","ClinicalUseDefinition.interaction.interactant.id","","","",0,1,"","","","id {[]} {[]}
","Unique id for inter-element referencing","Unique id for the element within a resource (for internal references). This may be any string value that does not contain spaces.","","","","","","","","","",,,,,"",,,,"Element.id",0,1,"","","n/a"
"ClinicalUseDefinition.interaction.interactant.extension","ClinicalUseDefinition.interaction.interactant.extension","","extensions
user content","",0,*,"","","","Extension {[]} {[]}
","Additional content defined by implementations","May be used to represent additional information that is not part of the basic definition of the element. To make the use of extensions safe and manageable, there is a strict set of governance  applied to the definition and use of extensions. Though any implementer can define an extension, there is a set of requirements that SHALL be met as part of the definition of the extension.","There can be no stigma associated with the use of extensions by any application, project, or standard - regardless of the institution or jurisdiction that uses or defines the extensions.  The use of extensions is what allows the FHIR specification to retain a core level of simplicity for everyone.","","","","","","","","",,,,,"",,,,"Element.extension",0,*,"","ele-1:All FHIR elements must have a @value or children {hasValue() or (children().count() > id.count())}
ext-1:Must have either extensions or value[x], not both {extension.exists() != value.exists()}","n/a"
"ClinicalUseDefinition.interaction.interactant.modifierExtension","ClinicalUseDefinition.interaction.interactant.modifierExtension","","extensions
user contentmodifiers","",0,*,"","Y","Y","Extension {[]} {[]}
","Extensions that cannot be ignored even if unrecognized","May be used to represent additional information that is not part of the basic definition of the element and that modifies the understanding of the element in which it is contained and/or the understanding of the containing element's descendants. Usually modifier elements provide negation or qualification. To make the use of extensions safe and manageable, there is a strict set of governance applied to the definition and use of extensions. Though any implementer can define an extension, there is a set of requirements that SHALL be met as part of the definition of the extension. Applications processing a resource are required to check for modifier extensions.

Modifier extensions SHALL NOT change the meaning of any elements on Resource or DomainResource (including cannot change the meaning of modifierExtension itself).","There can be no stigma associated with the use of extensions by any application, project, or standard - regardless of the institution or jurisdiction that uses or defines the extensions.  The use of extensions is what allows the FHIR specification to retain a core level of simplicity for everyone.","Modifier extensions allow for extensions that *cannot* be safely ignored to be clearly distinguished from the vast majority of extensions which can be safely ignored.  This promotes interoperability by eliminating the need for implementers to prohibit the presence of extensions. For further information, see the [definition of modifier extensions](http://build.fhir.org/extensibility.html#modifierExtension).","","","","","","","",,,,,"",,,,"BackboneElement.modifierExtension",0,*,"","ele-1:All FHIR elements must have a @value or children {hasValue() or (children().count() > id.count())}
ext-1:Must have either extensions or value[x], not both {extension.exists() != value.exists()}","N/A"
"ClinicalUseDefinition.interaction.interactant.item[x]","ClinicalUseDefinition.interaction.interactant.item[x]","","","",1,1,"","","Y","Reference {[]} {[CanonicalType[http://hl7.org/fhir/StructureDefinition/MedicinalProductDefinition], CanonicalType[http://hl7.org/fhir/StructureDefinition/Medication], CanonicalType[http://hl7.org/fhir/StructureDefinition/Substance], CanonicalType[http://hl7.org/fhir/StructureDefinition/ObservationDefinition]]}
CodeableConcept {[]} {[]}","The specific medication, food or laboratory test that interacts","The specific medication, food or laboratory test that interacts.","","","","","","","","","",,,,,"",,,,"ClinicalUseDefinition.interaction.interactant.item[x]",1,1,"","ele-1:All FHIR elements must have a @value or children {hasValue() or (children().count() > id.count())}
","Interactions.Interactant and Interactions.Interactions Text"
"ClinicalUseDefinition.interaction.type","ClinicalUseDefinition.interaction.type","","","",0,1,"","","Y","CodeableConcept {[]} {[]}
","The type of the interaction e.g. drug-drug interaction, drug-food interaction, drug-lab test interaction","The type of the interaction e.g. drug-drug interaction, drug-food interaction, drug-lab test interaction.","","","","","","","","","",,,,,"",,,,"ClinicalUseDefinition.interaction.type",0,1,"","ele-1:All FHIR elements must have a @value or children {hasValue() or (children().count() > id.count())}
","Interactions.Interactions Type"
"ClinicalUseDefinition.interaction.effect","ClinicalUseDefinition.interaction.effect","","","",0,1,"","","Y","CodeableReference {[]} {[CanonicalType[http://hl7.org/fhir/StructureDefinition/ObservationDefinition]]}
","The effect of the interaction, for example ""reduced gastric absorption of primary medication""","The effect of the interaction, for example ""reduced gastric absorption of primary medication"".","","","","","","","","","",,,,,"",,,,"ClinicalUseDefinition.interaction.effect",0,1,"","ele-1:All FHIR elements must have a @value or children {hasValue() or (children().count() > id.count())}
","Interactions.Interactions Effect"
"ClinicalUseDefinition.interaction.incidence","ClinicalUseDefinition.interaction.incidence","","","",0,1,"","","Y","CodeableConcept {[]} {[]}
","The incidence of the interaction, e.g. theoretical, observed","The incidence of the interaction, e.g. theoretical, observed.","","","","","","","","","",,,,,"",,,,"ClinicalUseDefinition.interaction.incidence",0,1,"","ele-1:All FHIR elements must have a @value or children {hasValue() or (children().count() > id.count())}
","Interactions.Interactions Incidence"
"ClinicalUseDefinition.interaction.management","ClinicalUseDefinition.interaction.management","","","",0,*,"","","Y","CodeableConcept {[]} {[]}
","Actions for managing the interaction","Actions for managing the interaction.","","","","","","","","","",,,,,"",,,,"ClinicalUseDefinition.interaction.management",0,*,"","ele-1:All FHIR elements must have a @value or children {hasValue() or (children().count() > id.count())}
","Interactions.Management Actions"
"ClinicalUseDefinition.population","ClinicalUseDefinition.population","","","",0,*,"","","Y","Reference {[]} {[CanonicalType[http://hl7.org/fhir/StructureDefinition/Group]]}
","The population group to which this applies","The population group to which this applies.","","","","","","","","","",,,,,"",,,,"ClinicalUseDefinition.population",0,*,"","ele-1:All FHIR elements must have a @value or children {hasValue() or (children().count() > id.count())}
","Population Specifics"
"ClinicalUseDefinition.undesirableEffect","ClinicalUseDefinition.undesirableEffect","","","",0,0,"","","Y","BackboneElement {[]} {[]}
","A possible negative outcome from the use of this treatment","Describe the undesirable effects of the medicinal product.","","","","","","","","","",,,,,"",,,,"ClinicalUseDefinition.undesirableEffect",0,1,"","ele-1:All FHIR elements must have a @value or children {hasValue() or (children().count() > id.count())}
","Undesirable Effects"
"ClinicalUseDefinition.undesirableEffect.id","ClinicalUseDefinition.undesirableEffect.id","","","",0,1,"","","","id {[]} {[]}
","Unique id for inter-element referencing","Unique id for the element within a resource (for internal references). This may be any string value that does not contain spaces.","","","","","","","","","",,,,,"",,,,"Element.id",0,1,"","","n/a"
"ClinicalUseDefinition.undesirableEffect.extension","ClinicalUseDefinition.undesirableEffect.extension","","extensions
user content","",0,*,"","","","Extension {[]} {[]}
","Additional content defined by implementations","May be used to represent additional information that is not part of the basic definition of the element. To make the use of extensions safe and manageable, there is a strict set of governance  applied to the definition and use of extensions. Though any implementer can define an extension, there is a set of requirements that SHALL be met as part of the definition of the extension.","There can be no stigma associated with the use of extensions by any application, project, or standard - regardless of the institution or jurisdiction that uses or defines the extensions.  The use of extensions is what allows the FHIR specification to retain a core level of simplicity for everyone.","","","","","","","","",,,,,"",,,,"Element.extension",0,*,"","ele-1:All FHIR elements must have a @value or children {hasValue() or (children().count() > id.count())}
ext-1:Must have either extensions or value[x], not both {extension.exists() != value.exists()}","n/a"
"ClinicalUseDefinition.undesirableEffect.modifierExtension","ClinicalUseDefinition.undesirableEffect.modifierExtension","","extensions
user contentmodifiers","",0,*,"","Y","Y","Extension {[]} {[]}
","Extensions that cannot be ignored even if unrecognized","May be used to represent additional information that is not part of the basic definition of the element and that modifies the understanding of the element in which it is contained and/or the understanding of the containing element's descendants. Usually modifier elements provide negation or qualification. To make the use of extensions safe and manageable, there is a strict set of governance applied to the definition and use of extensions. Though any implementer can define an extension, there is a set of requirements that SHALL be met as part of the definition of the extension. Applications processing a resource are required to check for modifier extensions.

Modifier extensions SHALL NOT change the meaning of any elements on Resource or DomainResource (including cannot change the meaning of modifierExtension itself).","There can be no stigma associated with the use of extensions by any application, project, or standard - regardless of the institution or jurisdiction that uses or defines the extensions.  The use of extensions is what allows the FHIR specification to retain a core level of simplicity for everyone.","Modifier extensions allow for extensions that *cannot* be safely ignored to be clearly distinguished from the vast majority of extensions which can be safely ignored.  This promotes interoperability by eliminating the need for implementers to prohibit the presence of extensions. For further information, see the [definition of modifier extensions](http://build.fhir.org/extensibility.html#modifierExtension).","","","","","","","",,,,,"",,,,"BackboneElement.modifierExtension",0,*,"","ele-1:All FHIR elements must have a @value or children {hasValue() or (children().count() > id.count())}
ext-1:Must have either extensions or value[x], not both {extension.exists() != value.exists()}","N/A"
"ClinicalUseDefinition.undesirableEffect.symptomConditionEffect","ClinicalUseDefinition.undesirableEffect.symptomConditionEffect","","","",0,1,"","","Y","CodeableReference {[]} {[CanonicalType[http://hl7.org/fhir/StructureDefinition/ObservationDefinition]]}
","The situation in which the undesirable effect may manifest","The situation in which the undesirable effect may manifest.","","","","","","","","","",,,,,"",,,,"ClinicalUseDefinition.undesirableEffect.symptomConditionEffect",0,1,"","ele-1:All FHIR elements must have a @value or children {hasValue() or (children().count() > id.count())}
","Undesirable Effects.Undesirable Effect as ""Symptom / Condition / Effect"""
"ClinicalUseDefinition.undesirableEffect.classification","ClinicalUseDefinition.undesirableEffect.classification","","","",0,1,"","","Y","CodeableConcept {[]} {[]}
","High level classification of the effect","High level classification of the effect.","","","","","","","","","",,,,,"",,,,"ClinicalUseDefinition.undesirableEffect.classification",0,1,"","ele-1:All FHIR elements must have a @value or children {hasValue() or (children().count() > id.count())}
","Undesirable Effects.Symptom / Condition / Effect Classification"
"ClinicalUseDefinition.undesirableEffect.frequencyOfOccurrence","ClinicalUseDefinition.undesirableEffect.frequencyOfOccurrence","","","",0,1,"","","Y","CodeableConcept {[]} {[]}
","How often the effect is seen","How often the effect is seen.","","","","","","","","","",,,,,"",,,,"ClinicalUseDefinition.undesirableEffect.frequencyOfOccurrence",0,1,"","ele-1:All FHIR elements must have a @value or children {hasValue() or (children().count() > id.count())}
","Undesirable Effects.Frequency of Occurrence"
"ClinicalUseDefinition.warning","ClinicalUseDefinition.warning","","","",1,1,"","","Y","BackboneElement {[]} {[]}
","A critical piece of information about environmental, health or physical risks or hazards that serve as caution to the user. For example 'Do not operate heavy machinery', 'May cause drowsiness' or 'Get medical advice/attention if you feel unwell'","A critical piece of information about environmental, health or physical risks or hazards that serve as caution to the user. For example 'Do not operate heavy machinery', 'May cause drowsiness', or 'Get medical advice/attention if you feel unwell'.","","","","","","","","","",,,,,"",,,,"ClinicalUseDefinition.warning",0,1,"","ele-1:All FHIR elements must have a @value or children {hasValue() or (children().count() > id.count())}
","n/a"
"ClinicalUseDefinition.warning.id","ClinicalUseDefinition.warning.id","","","",0,1,"","","","id {[]} {[]}
","Unique id for inter-element referencing","Unique id for the element within a resource (for internal references). This may be any string value that does not contain spaces.","","","","","","","","","",,,,,"",,,,"Element.id",0,1,"","","n/a"
"ClinicalUseDefinition.warning.extension","ClinicalUseDefinition.warning.extension","","extensions
user content","",0,*,"","","","Extension {[]} {[]}
","Additional content defined by implementations","May be used to represent additional information that is not part of the basic definition of the element. To make the use of extensions safe and manageable, there is a strict set of governance  applied to the definition and use of extensions. Though any implementer can define an extension, there is a set of requirements that SHALL be met as part of the definition of the extension.","There can be no stigma associated with the use of extensions by any application, project, or standard - regardless of the institution or jurisdiction that uses or defines the extensions.  The use of extensions is what allows the FHIR specification to retain a core level of simplicity for everyone.","","","","","","","","",,,,,"",,,,"Element.extension",0,*,"","ele-1:All FHIR elements must have a @value or children {hasValue() or (children().count() > id.count())}
ext-1:Must have either extensions or value[x], not both {extension.exists() != value.exists()}","n/a"
"ClinicalUseDefinition.warning.modifierExtension","ClinicalUseDefinition.warning.modifierExtension","","extensions
user contentmodifiers","",0,*,"","Y","Y","Extension {[]} {[]}
","Extensions that cannot be ignored even if unrecognized","May be used to represent additional information that is not part of the basic definition of the element and that modifies the understanding of the element in which it is contained and/or the understanding of the containing element's descendants. Usually modifier elements provide negation or qualification. To make the use of extensions safe and manageable, there is a strict set of governance applied to the definition and use of extensions. Though any implementer can define an extension, there is a set of requirements that SHALL be met as part of the definition of the extension. Applications processing a resource are required to check for modifier extensions.

Modifier extensions SHALL NOT change the meaning of any elements on Resource or DomainResource (including cannot change the meaning of modifierExtension itself).","There can be no stigma associated with the use of extensions by any application, project, or standard - regardless of the institution or jurisdiction that uses or defines the extensions.  The use of extensions is what allows the FHIR specification to retain a core level of simplicity for everyone.","Modifier extensions allow for extensions that *cannot* be safely ignored to be clearly distinguished from the vast majority of extensions which can be safely ignored.  This promotes interoperability by eliminating the need for implementers to prohibit the presence of extensions. For further information, see the [definition of modifier extensions](http://build.fhir.org/extensibility.html#modifierExtension).","","","","","","","",,,,,"",,,,"BackboneElement.modifierExtension",0,*,"","ele-1:All FHIR elements must have a @value or children {hasValue() or (children().count() > id.count())}
ext-1:Must have either extensions or value[x], not both {extension.exists() != value.exists()}","N/A"
"ClinicalUseDefinition.warning.description","ClinicalUseDefinition.warning.description","","","",0,1,"","","Y","markdown {[]} {[]}
","A textual definition of this warning, with formatting.","A textual definition of this warning, with formatting.","","","","","","","","","",,,,,"",,,,"ClinicalUseDefinition.warning.description",0,1,"","ele-1:All FHIR elements must have a @value or children {hasValue() or (children().count() > id.count())}
","n/a"
"ClinicalUseDefinition.warning.code","ClinicalUseDefinition.warning.code","","","",0,1,"","","Y","CodeableConcept {[]} {[]}
","A coded or unformatted textual definition of this warning.","A coded or unformatted textual definition of this warning.","","","","","","","","","",,"example","Classification of warning type.","http://hl7.org/fhir/ValueSet/warning-type","",,,,"ClinicalUseDefinition.warning.code",0,1,"","ele-1:All FHIR elements must have a @value or children {hasValue() or (children().count() > id.count())}
","n/a"
